"NOC2006","NOC2011","Title2006","Title2011",,,,,,,,,,,
0,0,"Management Occupations","Management Occupations",,,,,,,,,,,
1,1,"Business, Finance and Administrative Occupations","Business, Finance and administration occupations",,,,,,,,,,,
2,2,"Natural and Applied Sciences and Related Occupations","Natural and applied sciences and related occupations",,,,,,,,,,,
3,3,"Health Occupations","Health Occupations",,,,,,,,,,,
4,4,"Occupations in Social Science, Education, Government Service and Religion","Occupations in education, law and social, community and government services",,,,,,,,,,,
5,5,"Occupations in Art, Culture, Recreation and Sport","Occupations in art, culture, recreation and sport",,,,,,,,,,,
6,6,"Sales and Service Occupations","Sales and service occupations",,,,,,,,,,,
7,7,"Trades, Transport and Equipment Operators and Related Occupations","Trades, transport and equipment operators and related occupations",,,,,,,,,,,
8,8,"Occupations Unique to Primary Industry","Natural resources, agriculture and related production occupations",,,,,,,,,,,
9,9,"Occupations Unique to Processing, Manufacturing and Utilities","Occupations in manufacturing and utilities",,,,,,,,,,,
0,0,"Senior management occupations","Senior Management Occupations",,,,,,,,,,,
1,1,"Middle and other management occupations","Specialized Middle Management Occupations",,,,,,,,,,,
2,2,"Middle and other management occupations","Specialized Middle Management Occupations",,,,,,,,,,,
3,3,"Middle and other management occupations","Specialized Middle Management Occupations",,,,,,,,,,,
4,4,"Middle and other management occupations","Specialized Middle Management Occupations",,,,,,,,,,,
5,5,"Middle and other management occupations","Specialized Middle Management Occupations",,,,,,,,,,,
6,6,"Middle and other management occupations","Middle management occupations in retail and wholesale trade and customer services",,,,,,,,,,,
7,7,"Middle and other management occupations","Middle management occupations in trades, transportation, production and utilities",,,,,,,,,,,
8,8,"Middle and other management occupations","Middle management occupations in trades, transportation, production and utilities",,,,,,,,,,,
9,9,"Middle and other management occupations","Middle management occupations in trades, transportation, production and utilities",,,,,,,,,,,
11,11,"Professional occupations in business and finance","Professional occupations in business and finance",,,,,,,,,,,
12,12,"Skilled administrative and business occupations","Administrative and financial supervisors and administrative occupations",,,,,,,,,,,
12,13,"Skilled administrative and business occupations","Finance, insurance and related business administrative occupations",,,,,,,,,,,
14,14,"Clerical occupations","Office support occupations",,,,,,,,,,,
14,15,"Clerical occupations","Distribution, tracking and scheduling co-ordination occupations",,,,,,,,,,,
21,21,"Professional occupations in natural and applied sciences","Professional occupations in natural and applied sciences",,,,,,,,,,,
22,22,"Technical occupations related to natural and applied sciences","Technical occupations related to natural and applied sciences",,,,,,,,,,,
31,30,"Professional occupations in health","Professional occupations in nursing",,,,,,,,,,,
31,31,"Professional occupations in health","Professional occupations in health (except nursing)",,,,,,,,,,,
32,32,"Technical and skilled occupations in health","Technical occupations in health",,,,,,,,,,,
34,34,"Assisting occupations in support of health services","Assisting occupations in support of health services",,,,,,,,,,,
41,40,"Professional occupations in social science, education, government services and religion","Professional occupations in education services",,,,,,,,,,,
41,41,"Professional occupations in social science, education, government services and religion","Professional occupations in law and social, community and government services",,,,,,,,,,,
42,42,"Paraprofessional occupations in law, social services, education and religion","Paraprofessional occupations in legal, social, community and education services",,,,,,,,,,,
62,43,"Skilled sales and service occupations","Occupations in front-line public protection services",,,,,,,,,,,
64,44,"Intermediate sales and service occupations","Care providers and educational, legal and public protection support occupations",,,,,,,,,,,
51,51,"Professional occupations in art and culture","Professional occupations in art and culture",,,,,,,,,,,
52,52,"Technical and skilled occupations in art, culture, recreation and sport","Technical occupations in art, culture, recreation and sport",,,,,,,,,,,
62,62,"Skilled sales and service occupations","Retail sales supervisors and specialized sales occupations",,,,,,,,,,,
62,63,"Skilled sales and service occupations","Service supervisors and specialized service occupations",,,,,,,,,,,
64,64,"Intermediate sales and service occupations","Sales representatives and salespersons - wholesale and retail trade",,,,,,,,,,,
64,65,"Intermediate sales and service occupations","Service representatives and other customer and personal services occupations",,,,,,,,,,,
66,66,"Elemental sales and service occupations","Sales support occupations",,,,,,,,,,,
74,67,"Intermediate occupations in transport, equipment operation, installation and maintenance","Service support and other service occupations, n.e.c.",,,,,,,,,,,
72,72,"Trades and skilled transport and equipment operators","Industrial, electrical and construction trades",,,,,,,,,,,
73,73,"Trades and skilled transport and equipment operators","Maintenance and equipment operation trades",,,,,,,,,,,
74,74,"Intermediate occupations in transport, equipment operation, installation and maintenance","Other installers, repairers and servicers and material handlers",,,,,,,,,,,
74,75,"Intermediate occupations in transport, equipment operation, installation and maintenance","Transport and heavy equipment operation and related maintenance occupations",,,,,,,,,,,
76,76,"Trades helpers, construction labourers and related occupations","Trades helpers, construction labourers and related occupations",,,,,,,,,,,
82,82,"Skilled occupations in primary industry","Supervisors and technical occupations in natural resources, agriculture and related production",,,,,,,,,,,
84,84,"Intermediate occupations in primary industry","Workers in natural resources, agriculture and related production",,,,,,,,,,,
86,86,"Labourers in primary industry","Harvesting, landscaping and natural resources labourers",,,,,,,,,,,
92,92,"Processing, manufacturing and utilities supervisors and skilled operators","Processing, manufacturing and utilities supervisors and central control operators",,,,,,,,,,,
94,94,"Processing and manufacturing machine operators and assemblers","Processing and manufacturing machine operators and related production workers",,,,,,,,,,,
95,95,"Processing and manufacturing machine operators and assemblers","Assemblers in manufacturing",,,,,,,,,,,
96,96,"Labourers in processing, manufacturing and utilities","Labourers in processing, manufacturing and utilities",,,,,,,,,,,
1,1,"Legislators and senior management","Legislators and senior management",,,,,,,,," ",,
11,11,"Administrative services managers","Administrative services managers",,,,,,,,," ",,
12,12,"Managers in financial and business services","Managers in financial and business services",,,,,,," ",,,,
13,13,"Managers in communication (except broadcasting)","Managers in communication (except broadcasting)",,,,,,," ",,,,
21,21,"Managers in engineering, architecture, science and information systems","Managers in engineering, architecture, science and information systems",,,," ",,,,,,,
31,31,"Managers in health, education, social and community services","Managers in health care",,,,,,,,,," ",
41,41,"Managers in public administration","Managers in public administration",,,,,,,,," ",,
51,51,"Managers in art, culture, recreation and sport","Managers in art, culture, recreation and sport",,,,,,," ",,,,
62,62,"Managers in retail trade","Retail and wholesale trade managers",,,,,,,," ",,,
63,63,"Managers in food service and accommodation","Managers in food service and accommodation",,,,,,," ",,,,
64,43,"Managers in protective services","Managers in public protection services",,,,,,,," ",,,
65,65,"Managers in other services","Managers in customer and personal services, n.e.c.",,,,,," ",,,,,
71,71,"Managers in construction and transportation","Managers in construction and facility operation and maintenance",,,,," ",,,,,,
72,73,"Facility operation and maintenance managers","Managers in transportation",,,,,,,,," ",,
81,81,"Managers in primary production (except agriculture)","Managers in natural resources production and fishing",,,,,," ",,,,,
91,91,"Managers in manufacturing and utilities","Managers in manufacturing and utilities",,,,,,,," ",,,
111,111,"Auditors, accountants and investment professionals","Auditors, accountants and investment professionals",,,,,," ",,,,,
112,112,"Human resources and business service professionals","Human resources and business service professionals",,,,,," ",,,,,
121,121,"Clerical supervisors","Administrative services supervisors",,,,,,,," ",,,
122,122,"Administrative and regulatory occupations","Administrative and regulatory occupations",,,,,,,," ",,,
123,131,"Finance and insurance administrative occupations","Finance, insurance and related business administrative occupations",,,," ",,,,,,,
124,124,"Secretaries, recorders and transcriptionists","Office administrative assistants - general, legal and medical",,,,," ",,,,,,
141,141,"Clerical occupations, general office skills","General office workers",,,,,,,,,," ",
142,142,"Office equipment operators","Office equipment operators",,,,,,,,," ",,
143,143,"Finance and insurance clerks","Financial, insurance and related administrative support workers",,,,," ",,,,,,
145,145,"Library, correspondence and related information clerks","Library, correspondence and other clerks",,,,,,,," ",,,
146,151,"Mail and message distribution occupations","Mail and message distribution occupations",,,,,,,," ",,,
147,152,"Recording, scheduling and distributing occupations","Supply chain logistics, tracking and scheduling co-ordination occupations",,,," ",,,,,,,
211,211,"Physical science professionals","Physical science professionals",,,,,,,,," ",,
212,212,"Life science professionals","Life science professionals",,,,,,,,," ",,
213,213,"Civil, mechanical, electrical and chemical engineers","Civil, mechanical, electrical and chemical engineers",,,,,," ",,,,,
214,214,"Other engineers","Other engineers",,,,,,,,,,," "
215,215,"Architects, urban planners and land surveyors","Architects, urban planners and land surveyors",,,,,,," ",,,,
216,216,"Mathematicians, statisticians and actuaries","Mathematicians, statisticians and actuaries",,,,,,," ",,,,
217,217,"Computer and information systems professionals","Computer and information systems professionals",,,,,,," ",,,,
221,221,"Technical occupations in physical sciences","Technical occupations in physical sciences",,,,,,," ",,,,
222,222,"Technical occupations in life sciences","Technical occupations in life sciences",,,,,,,," ",,,
223,223,"Technical occupations in civil, mechanical and industrial engineering","Technical occupations in civil, mechanical and industrial engineering",,,," ",,,,,,,
224,224,"Technical occupations in electronics and electrical engineering","Technical occupations in electronics and electrical engineering",,,,," ",,,,,,
225,225,"Technical occupations in architecture, drafting, surveying and mapping","Technical occupations in architecture, drafting, surveying, geomatics and meteorology",," ",,,,,,,,,
226,226,"Other technical inspectors and regulatory officers","Other technical inspectors and regulatory officers",,,,,," ",,,,,
227,227,"Transportation officers and controllers","Transportation officers and controllers",,,,,,,," ",,,
228,228,"Technical occupations in computer and information systems","Technical occupations in computer and information systems",,,,,," ",,,,,
311,311,"Physicians, dentists and veterinarians","Physicians, dentists and veterinarians",,,,,,,," ",,,
312,312,"Optometrists, chiropractors and other health diagnosing and treating professionals","Optometrists, chiropractors and other health diagnosing and treating professionals",," ",,,,,,,,,
313,313,"Pharmacists, dieticians and nutritionists","Pharmacists, dietitians and nutritionists",,,,,,,," ",,,
314,314,"Therapy and assessment professionals","Therapy and assessment professionals",,,,,,,," ",,,
315,301,"Nurse supervisors and registered nurses","Professional occupations in nursing",,,,,,,," ",,,
321,321,"Medical technologists and technicians (except dental health)","Medical technologists and technicians (except dental health)",,,,," ",,,,,,
322,322,"Technical occupations in dental health care","Technical occupations in dental health care",,,,,,," ",,,,
323,323,"Other technical occupations in health care (except dental)","Other technical occupations in health care",,,,,,," ",,,,
341,341,"Assisting occupations in support of health services","Assisting occupations in support of health services",,,,,," ",,,,,
411,411,"Judges, lawyers and Quebec notaries","Judges, lawyers and Quebec notaries",,,,,,,," ",,,
412,401,"University professors and assistants","University professors and post-secondary assistants",,,,,," ",,,,,
413,402,"College and other vocational instructors","College and other vocational instructors",,,,,,,," ",,,
414,403,"Secondary and elementary school teachers and educational counsellors","Secondary and elementary school teachers and educational counsellors",,,," ",,,,,,,
415,415,"Psychologists, social workers, counsellors, clergy and probation officers","Social and community service professionals",,,,,,," ",,,,
416,416,"Policy and program officers, researchers and consultants","Policy and program researchers, consultants and officers",,,,,," ",,,,,
421,421,"Paralegals, social services workers and occupations in education and religion, n.e.c.","Paraprofessional occupations in legal, social, community and education services",,," ",,,,,,,,
511,511,"Librarians, archivists, conservators and curators","Librarians, archivists, conservators and curators",,,,,,," ",,,,
512,512,"Writing, translating and public relations professionals","Writing, translating and related communications professionals",,,,," ",,,,,,
513,513,"Creating and performing artists","Creative and performing artists",,,,,,,,," ",,
521,521,"Technical occupations in libraries, archives, museums and art galleries","Technical occupations in libraries, public archives, museums and art galleries",,," ",,,,,,,,
522,522,"Photographers, graphic arts technicians and technical and co-ordinating occupations","Photographers, graphic arts technicians and technical and co-ordinating occupations in motion pictures, broadcasting and the performing arts",,,,,,,,,,,
523,523,"Announcers and other performers","Announcers and other performers, n.e.c.",,,,,,,,,,,
524,524,"Creative designers and craftspersons","Creative designers and craftspersons",,,,,,,,,,,
525,525,"Athletes, coaches, referees and related occupations","Athletes, coaches, referees and related occupations",,,,,,,,,,,
621,621,"Sales and service supervisors","Retail sales supervisors",,,,,,,,,,,
622,622,"Technical sales specialists, wholesale trade","Technical sales specialists in wholesale trade and retail and wholesale buyers",,,,,,,,,,,
623,623,"Insurance and real estate sales occupations and buyers","Insurance, real estate and financial sales occupations",,,,,,,,,,,
624,632,"Chefs and cooks","Chefs and cooks",,,,,,,,,,,
625,633,"Butchers and bakers","Butchers and bakers",,,,,,,,,,,
626,431,"Police officers and firefighters","Occupations in front-line public protection services",,,,,," ",,,,,
627,634,"Technical occupations in personal service","Specialized occupations in personal and customer services",,,,,,,,,,,
641,641,"Sales representatives, wholesale trade","Sales and account representatives - wholesale trade (non-technical)",,,,,,,,,,,
642,642,"Retail salespersons and sales clerks","Retail salespersons",,,,,,,,,,,
643,652,"Occupations in travel and accommodation","Occupations in travel and accommodation",,,,,,,,,,,
644,653,"Tour and recreational guides and casino occupations","Tourism and amusement services occupations",,,,,,,,,,,
645,651,"Occupations in food and beverage service","Occupations in food and beverage service",,,,,,,,,,,
647,441,"Childcare and home support workers","Home care providers and educational support occupations",,,,,," ",,,,,
648,656,"Other occupations in personal service","Other occupations in personal service",,,,,,,,,,,
661,661,"Cashiers","Cashiers",,,,,,,,,,,
662,662,"Other sales and related occupations","Other sales support and related occupations",,,,,,,,,,,
664,671,"Food counter attendants, kitchen helpers and related occupations","Food counter attendants, kitchen helpers and related support occupations",,,,,,,,,,,
665,654,"Security guards and related occupations","Security guards and related security service occupations",,,,,,,,,,,
666,673,"Cleaners","Cleaners",,,,,,,,,,,
667,672,"Other occupations in travel, accommodation, amusement and recreation","Support occupations in accommodation, travel and amusement services",,,,,,,,,,,
668,674,"Other elemental service occupations","Other service support and related occupations, n.e.c.",,,,,,,,,,,
721,720,"Contractors and supervisors, trades and related workers","Contractors and supervisors, industrial, electrical and construction trades and related workers",,,,,,,,,,,
722,730,"Supervisors, railway and motor transportation occupations","Contractors and supervisors, maintenance trades and heavy equipment and transport operators",,,,,,,,,,,
723,723,"Machinists and related occupations","Machining, metal forming, shaping and erecting trades",,,,,,,,,,,
724,724,"Electrical trades and telecommunication occupations","Electrical trades and electrical power line and telecommunications workers",,,,,,,,,,,
725,725,"Plumbers, pipefitters and gas fitters","Plumbers, pipefitters and gas fitters",,,,,,,,,,,
727,727,"Carpenters and cabinetmakers","Carpenters and cabinetmakers",,,,,,,,,,,
728,728,"Masonry and plastering trades","Masonry and plastering trades",,,,,,,,,,,
729,729,"Other construction trades","Other construction trades",,,,,,,,,,,
731,731,"Machinery and transportation equipment mechanics (except motor vehicle)","Machinery and transportation equipment mechanics (except motor vehicle)",,,,,,,,,,,
732,732,"Automotive service technicians","Automotive service technicians",,,,,,,,,,,
733,733,"Other mechanics","Other mechanics and related repairers",,,,,,,,,,,
735,924,"Stationary engineers and power station and system operators","Utilities equipment operators and controllers",,,,,,,,,,,
736,736,"Train crew operating occupations","Train crew operating occupations",,,,,,,,,,,
737,737,"Crane operators, drillers and blasters","Crane operators, drillers and blasters",,,,,,,,,,,
738,738,"Printing press operators, commercial divers and other trades and related occupations, n.e.c.","Printing press operators and other trades and related occupations, n.e.c.",,,,,,,,,,,
741,751,"Motor vehicle and transit drivers","Motor vehicle and transit drivers",,,,,,,,,,,
742,752,"Heavy equipment operators","Heavy equipment operators",,,,,,,,,,,
743,753,"Other transport equipment operators and related workers","Other transport equipment operators and related maintenance workers",,,,,,,,,,,
744,744,"Other installers, repairers and servicers","Other installers, repairers and servicers",,,,,,,,,,,
745,745,"Longshore workers and material handlers","Longshore workers and material handlers",,,,,,,,,,,
761,761,"Trades helpers and labourers","Trades helpers and labourers",,,,,,,,,,,
762,762,"Public works and other labourers, n.e.c.","Public works and other labourers, n.e.c.",,,,,,,,,,,
821,821,"Supervisors, logging and forestry","Supervisors, logging and forestry",,,,,,,,,,,
822,822,"Supervisors, mining, oil and gas","Contractors and supervisors, mining, oil and gas",,,,,,,,,,,
823,823,"Underground miners, oil and gas drillers and related workers","Underground miners, oil and gas drillers and related occupations",,,,,,,,,,,
824,824,"Logging machinery operators","Logging machinery operators",,,,,,,,,,,
825,825,"Contractors, operators and supervisors in agriculture, horticulture and aquaculture","Contractors and supervisors, agriculture, horticulture and related operations and services",,,,,,,,,,,
826,826,"Fishing vessel masters and skippers and fishermen/women","Fishing vessel masters and fishermen/women",,,,,,,,,,,
841,841,"Mine service workers and operators in oil and gas drilling","Mine service workers and operators in oil and gas drilling",,,,,,,,,,,
842,842,"Logging and forestry workers","Logging and forestry workers",,,,,,,,,,,
843,843,"Agriculture and horticulture workers","Agriculture and horticulture workers",,,,,,,,,,,
844,844,"Other fishing and trapping occupations","Other workers in fishing and trapping and hunting occupations",,,,,,,,,,,
861,861,"Primary production labourers","Harvesting, landscaping and natural resources labourers",,,,,,,,,,,
921,921,"Supervisors, processing occupations","Supervisors, processing and manufacturing occupations",,,,,,,,,,,
922,922,"Supervisors, assembly and fabrication","Supervisors, assembly and fabrication",,,,,,,,,,,
923,923,"Central control and process operators in manufacturing and processing","Central control and process operators in processing and manufacturing",,,,,,,,,,,
941,941,"Machine operators and related workers in metal and mineral products processing","Machine operators and related workers in mineral and metal products processing and manufacturing",,,,,,,,,,,
942,942,"Machine operators and related workers in chemical, plastic and rubber processing","Machine operators and related workers in chemical, plastic and rubber processing",,,,,,,,,,,
943,943,"Machine operators and related workers in pulp and paper production and wood processing","Machine operators and related workers in pulp and paper production and wood processing and manufacturing",,"   ",,,,,,,,,
944,944,"Machine operators and related workers in textile processing","Machine operators and related workers in textile, fabric, fur and leather products processing and manufacturing","   ",,,,,,,,,,
946,946,"Machine operators and related workers in food, beverage and tobacco processing","Machine operators and related workers in food, beverage and associated products processing ",,,,,,,,,,,
947,947,"Printing machine operators and related occupations","Printing equipment operators and related occupations",,,,," ",,,,,,
948,952,"Mechanical, electrical and electronics assemblers","Mechanical, electrical and electronics assemblers",,"  ",,,,,,,,,
949,953,"Other assembly and related occupations","Other assembly and related occupations",,,"  ",,,,,,,,
961,961,"Labourers in processing, manufacturing and utilities","Labourers in processing, manufacturing and utilities","  ",,,,,,,,,,
31,42,"Managers in health, education, social and community services","Managers in education and social and community services",,,,,," ",,,,,
61,60,"Sales, Marketing and Advertising Managers","Corporate sales managers",,,,,,,,,," ",
825,82,"Contractors, operators and supervisors in agriculture, horticulture and aquaculture","Managers in agriculture, horticulture and aquaculture",,,,,," ",,,,,
121,125,"Clerical Supervisors","Court reporters, transcriptionists, records management technicians and statistical officers"," ",,,,,,,,,,
646,442,"Other Occupations in Protective Service","Legal and public protection support occupations",,,,,,," ",,,,
644,631,"Tour and recreational guides and casino occupations","Service supervisors",,,,,,,,,,,
143,655,"Finance and Insurance Clerks","Customer and information services representatives",,,,,,,,,,,
11,11,"Legislators","Legislators",,,,,,,,,,,
12,12,"Senior Government Managers and Officials","Senior government managers and officials",,,,,,,,,,,
13,13,"Senior Managers - Financial, Communications and Other Business Services","Senior managers - financial, communications and other business services",,,,,,,,,,,
14,14,"Senior managers - health, education, social and community services and membership orgs.","Senior managers - health, education, social and community services and membership organizations",,,,,,,,,,,
15,15,"Senior managers - trade, broadcasting and other services, n.e.c.","Senior managers - trade, broadcasting and other services, n.e.c.",,,,,,,,,,,
16,16,"Senior managers - goods production, utilities, transportation and construction","Senior managers - construction, transportation, production and utilities",,,,,,,,,,,
111,111,"Financial Managers","Financial managers",,,,,,,,,,,
112,112,"Human Resources Managers","Human resources managers",,,,,,,,,,,
113,113,"Purchasing Managers","Purchasing managers",,,,,,,,,,,
114,114,"Other Administrative Services Managers","Other administrative services managers",,,,,,,,,,,
121,121,"Insurance, real estate and financial brokerage managers","Insurance, real estate and financial brokerage managers",,,,,,,,,,,
122,122,"Banking, Credit and Other Investment Manager","Banking, credit and other investment managers",,,,,,,,,,,
123,125,"Other Business Services Managers","Other business services managers",,,,,,,,,,,
131,131,"Telecommunication Carriers Managers","Telecommunication carriers managers",,,,,,,,,,,
132,132,"Postal and Courier Services Managers","Postal and courier services managers",,,,,,,,,,,
211,211,"Engineering Managers","Engineering managers",,,,,,,,,,,
212,212,"Architecture and Science Managers","Architecture and science managers",,,,,,,,,,,
213,213,"Computer and Information Systems Managers","Computer and information systems managers",,,,,,,,,,,
311,311,"Managers in Health Care","Managers in health care",,,,,,,,,,,
312,421,"Administrators, post-secondary education and vocational training","Administrators - post-secondary education and vocational training",,,,,,,,,,,
313,422,"School principals and administrators of elementary and secondary education","School principals and administrators of elementary and secondary education",,,,,,,,,,,
314,423,"Managers in Social, Community and Correction Services","Managers in social, community and correctional services",,,,,,,,,,,
411,411,"Government managers, health and social policy development and program administration","Government managers - health and social policy development and program administration",,,,,,,,,,,
412,412,"Government managers, economic analysis, policy development and program administration","Government managers - economic analysis, policy development and program administration",,,,,,,,,,,
413,413,"Government managers, education policy development and program administration","Government managers - education policy development and program administration",,,,,,,,,,,
414,414,"Other Managers in Public Administration","Other managers in public administration",,,,,,,,,,,
511,511,"Library, Archive, Museum and Art Gallery Managers","Library, archive, museum and art gallery managers",,,,,,,,,,,
512,512,"Managers, publishing, motion pictures, broadcasting and performing arts","Managers - publishing, motion pictures, broadcasting and performing arts",,,,,,,,,,,
513,513,"Recreation, Sports and Fitness Program and S","Recreation, sports and fitness program and service directors",,,,,,,,,,,
611,124,"Sales, Marketing and Advertising Managers","Advertising, marketing and public relations managers",,,,,,,,,,,
611,601,"Sales, Marketing and Advertising Managers","Corporate sales managers",,,,,,,,,,,
621,621,"Retail Trade Managers","Retail and wholesale trade managers",,,,,,,,,,,
631,631,"Restaurant and Food Service Managers","Restaurant and food service managers",,,,,,,,,,,
632,632,"Accommodation Service Managers","Accommodation service managers",,,,,,,,,,,
641,431,"Commissioned Police Officers","Commissioned police officers",,,,,,,,,,,
642,432,"Fire Chiefs and Senior Firefighting Officers","Fire chiefs and senior firefighting officers",,,,,,,,,,,
643,433,"Commissioned Officers, Armed Forces","Commissioned officers of the Canadian Forces",,,,,,,,,,,
651,651,"Other Services Managers","Managers in customer and personal services, n.e.c.",,,,,,,,,,,
711,711,"Construction Managers","Construction managers",,,,,,,,,,,
712,712,"Residential Home Builders and Renovators","Home building and renovation managers",,,,,,,,,,,
713,731,"Transportation Managers","Managers in transportation",,,,,,,,,,,
721,714,"Facility Operation and Maintenance Managers","Facility operation and maintenance managers",,,,,,,,,,,
811,811,"Primary Production Managers (Except Agriculture)","Managers in natural resources production and fishing",,,,,,,,,,,
911,911,"Manufacturing Managers","Manufacturing managers",,,,,,,,,,,
912,912,"Utilities Managers","Utilities managers",,,,,,,,,,,
1111,1111,"Financial Auditors and Accountants","Financial auditors and accountants",,,,,,,,,,,
1112,1112,"Financial and Investment Analysts","Financial and investment analysts",,,,,,,,,,,
1113,1113,"Securities Agents, Investment Dealers and Brokers","Securities agents, investment dealers and brokers",,,,,,,,,,,
1114,1114,"Other Financial Officers","Other financial officers",,,,,,,,,,,
1121,1121,"Specialists in Human Resources","Human resources professionals",,,,,,,,,,,
1122,1122,"Professional Occupations in Business Service","Professional occupations in business management consulting",,,,,,,,,,,
1211,1211,"Supervisors, general office and administrative support clerk","Supervisors, general office and administrative support workers",,,,,,,,,,,
1211,1252,"Supervisors, general office and administrative support clerk","Health information management occupations",,,,,,,,,,,
1212,1212,"Supervisors, Finance and Insurance Clerks","Supervisors, finance and insurance office workers",,,,,,,,,,,
1212,6314,"Supervisors, Finance and Insurance Clerks","Customer and information services supervisors",,,,,,,,,,,
1213,1213,"Supervisors, library, correspondence and related information clerks","Supervisors, library, correspondence and related information workers",,,,,,,,,,,
1214,1214,"Supervisors, mail and message distribution occupations","Supervisors, mail and message distribution occupations",,,,,,,,,,,
1215,1215,"Supervisors, recording, distributing and scheduling occupations","Supervisors, supply chain, tracking and scheduling co-ordination occupations",,,,,,,,,,,
1221,1221,"Administrative Officers","Administrative officers",,,,,,,,,,,
1222,1222,"Executive Assistants","Executive assistants",,,,,,,,,,,
1223,1223,"Personnel and Recruitment Officers","Human resources and recruitment officers",,,,,,,,,,,
1224,1224,"Property Administrators","Property administrators",,,,,,,,,,,
1225,1225,"Purchasing Agents and Officers","Purchasing agents and officers",,,,,,,,,,,
1226,1226,"Conference and Event Planners","Conference and event planners",,,,,,,,,,,
1227,1227,"Court Officers and Justices of the Peace","Court officers and justices of the peace",,,,,,,,,,,
1228,1228,"Immigration, employment insurance and revenue officers","Employment insurance, immigration, border services and revenue officers",,,,,,,,,,,
1231,1311,"Bookkeepers","Accounting technicians and bookkeepers",,,,,,,,,,,
1232,6235,"Loan Officers","Financial sales representatives",,,,,,,,,,,
1233,1312,"Insurance Adjusters and Claims Examiners","Insurance adjusters and claims examiners",,,,,,,,,,,
1234,1313,"Insurance Underwriters","Insurance underwriters",,,,,,,,,,,
1235,1314,"Assessors, Valuators and Appraisers","Assessors, valuators and appraisers",,,,,,,,,,,
1236,1315,"Customs, Ship and Other Brokers","Customs, ship and other brokers",,,,,,,,,,,
1241,1241,"Secretaries (Except Legal and Medical)","Administrative assistants",,,,,,,,,,,
1242,1242,"Legal Secretaries","Legal administrative assistants",,,,,,,,,,,
1243,1243,"Medical Secretaries","Medical administrative assistants",,,,,,,,,,,
1244,1251,"Court Recorders and Medical Transcriptionist","Court reporters, medical transcriptionists and related occupations",,,,,,,,,,,
1411,1411,"General Office Clerks","General office support workers",,,,,,,,,,,
1413,1253,"Records Management and Filing Clerks","Records management technicians",,,,,,,,,,,
1414,1414,"Receptionists and Switchboard Operators","Receptionists",,,,,,,,,,,
1422,1422,"Data Entry Clerks","Data entry clerks",,,,,,,,,,,
1423,1423,"Desktop Publishing Operators and Related Occupations","Desktop publishing operators and related occupations",,,,,,,,,,,
1431,1431,"Accounting and Related Clerks","Accounting and related clerks",,,,,,,,,,,
1432,1432,"Payroll Clerks","Payroll clerks",,,,,,,,,,,
1433,6551,"Customer Service Representatives - Financial Services","Customer services representatives - financial institutions",,,,,,,,,,,
1434,1434,"Banking, Insurance and Other Financial Clerks","Banking, insurance and other financial clerks",,,,,,,,,,,
1435,1435,"Collectors","Collectors",,,,,,,,,,,
1442,1415,"Personnel Clerks","Personnel clerks",,,,,,,,,,,
1443,1416,"Court Clerks","Court clerks",,,,,,,,,,,
1451,1451,"Library Clerks","Library assistants and clerks",,,,,,,,,,,
1452,1452,"Correspondence, Publication and Related Clerks","Correspondence, publication and regulatory clerks",,,,,,,,,,,
1453,6552,"Customer Service, Information and Related Clerks","Other customer and information services representatives",,,,,,,,,,,
1454,1454,"Survey Interviewers and Statistical Clerks","Survey interviewers and statistical clerks",,,,,,,,,,,
1461,1511,"Mail, Postal and Related Clerks","Mail, postal and related workers",,,,,,,,,,,
1462,1512,"Letter Carriers","Letter carriers",,,,,,,,,,,
1463,1513,"Couriers, Messengers and Door-to-Door Distributors","Couriers, messengers and door-to-door distributors",,,,,,,,,,,
1471,1521,"Shippers and Receivers","Shippers and receivers",,,,,,,,,,,
1472,1522,"Storekeepers and Parts Clerks","Storekeepers and partspersons",,,,,,,,,,,
1473,1523,"Production Clerks","Production logistics co-ordinators",,,,,,,,,,,
1474,1524,"Purchasing and Inventory Clerks","Purchasing and inventory control workers",,,,,,,,,,,
1475,1525,"Dispatchers and Radio Operators","Dispatchers",,,,,,,,,,,
1476,1526,"Transportation Route and Crew Schedulers","Transportation route and crew schedulers",,,,,,,,,,,
2111,2111,"Physicists and Astronomers","Physicists and astronomers",,,,,,,,,,,
2112,2112,"Chemists","Chemists",,,,,,,,,,,
2113,2113,"Geologists, Geochemists and Geophysicists","Geoscientists and oceanographers",,,,,,,,,,,
2114,2114,"Meteorologists","Meteorologists and climatologists",,,,,,,,,,,
2115,2115,"Other Professional Occupations in Physical Science","Other professional occupations in physical sciences",,,,,,,,,,,
2121,2121,"Biologists and Related Scientists","Biologists and related scientists",,,,,,,,,,,
2122,2122,"Forestry Professionals","Forestry professionals",,,,,,,,,,,
2123,2123,"Agricultural Representatives, Consultants an","Agricultural representatives, consultants and specialists",,,,,,,,,,,
2131,2131,"Civil Engineers","Civil engineers",,,,,,,,,,,
2132,2132,"Mechanical Engineers","Mechanical engineers",,,,,,,,,,,
2133,2133,"Electrical and Electronics Engineers","Electrical and electronics engineers",,,,,,,,,,,
2134,2134,"Chemical Engineers","Chemical engineers",,,,,,,,,,,
2141,2141,"Industrial and Manufacturing Engineers","Industrial and manufacturing engineers",,,,,,,,,,,
2142,2142,"Metallurgical and Materials Engineers","Metallurgical and materials engineers",,,,,,,,,,,
2143,2143,"Mining Engineers","Mining engineers",,,,,,,,,,,
2144,2144,"Geological Engineers","Geological engineers",,,,,,,,,,,
2145,2145,"Petroleum Engineers","Petroleum engineers",,,,,,,,,,,
2146,2146,"Aerospace Engineers","Aerospace engineers",,,,,,,,,,,
2147,2147,"Computer Engineers (Except Software Engineer","Computer engineers (except software engineers and designers)",,,,,,,,,,,
2148,2148,"Other Professional Engineers, n.e.c.","Other professional engineers, n.e.c.",,,,,,,,,,,
2151,2151,"Architects","Architects",,,,,,,,,,,
2152,2152,"Landscape Architects","Landscape architects",,,,,,,,,,,
2153,2153,"Urban and Land Use Planners","Urban and land use planners",,,,,,,,,,,
2154,2154,"Land Surveyors","Land surveyors",,,,,,,,,,,
2161,1254,"Mathematicians, Statisticians and Actuaries","Statistical officers and related research support occupations",,,,,,,,,,,
2161,2161,"Mathematicians, Statisticians and Actuaries","Mathematicians, statisticians and actuaries",,,,,,,,,,,
2171,2171,"Information Systems Analysts and Consultants","Information systems analysts and consultants",,,,,,,,,,,
2172,2172,"Database Analysts and Data Administrators","Database analysts and data administrators",,,,,,,,,,,
2173,2173,"Software Engineers and Designers","Software engineers and designers",,,,,,,,,,,
2174,2174,"Computer Programmers and Interactive Media Developers","Computer programmers and interactive media developers",,,,,,,,,,,
2175,2175,"Web Designers and Developers","Web designers and developers",,,,,,,,,,,
2211,2211,"Chemical Technologists and Technicians","Chemical technologists and technicians",,,,,,,,,,,
2212,2212,"Geological and Mineral Technologists and Technicians","Geological and mineral technologists and technicians",,,,,,,,,,,
2221,2221,"Biological Technologists and Technicians","Biological technologists and technicians",,,,,,,,,,,
2222,2222,"Agricultural and Fish Products Inspectors","Agricultural and fish products inspectors",,,,,,,,,,,
2223,2223,"Forestry Technologists and Technicians","Forestry technologists and technicians",,,,,,,,,,,
2224,2224,"Conservation and Fishery Officers","Conservation and fishery officers",,,,,,,,,,,
2225,2225,"Landscape and Horticulture Technicians and Specialists","Landscape and horticulture technicians and specialists",,,,,,,,,,,
2231,2231,"Civil Engineering Technologists and Technicians","Civil engineering technologists and technicians",,,,,,,,,,,
2232,2232,"Mechanical Engineering Technologists and Technicians","Mechanical engineering technologists and technicians",,,,,,,,,,,
2233,2233,"Industrial engineering and manufacturing technologists and technicians","Industrial engineering and manufacturing technologists and technicians",,,,,,,,,,,
2234,2234,"Construction Estimators","Construction estimators",,,,,,,,,,,
2241,2241,"Electrical & Electronics Engineering Technol","Electrical and electronics engineering technologists and technicians",,,,,,,,,,,
2242,2242,"Electronic service technicians (household and business equipment)","Electronic service technicians (household and business equipment)",,,,,,,,,,,
2243,2243,"Industrial Instrument Technicians and Mechanics","Industrial instrument technicians and mechanics",,,,,,,,,,,
2244,2244,"Aircraft instrument, electrical and avionics mechanics, technicians and inspectors","Aircraft instrument, electrical and avionics mechanics, technicians and inspectors",,,,,,,,,,,
2251,2251,"Architectural Technologists and Technicians","Architectural technologists and technicians",,,,,,,,,,,
2252,2252,"Industrial Designers","Industrial designers",,,,,,,,,,,
2253,2253,"Drafting Technologists and Technicians","Drafting technologists and technicians",,,,,,,,,,,
2254,2254,"Land Survey Technologists and Technicians","Land survey technologists and technicians",,,,,,,,,,,
2255,2255,"Mapping and Related Technologists and Technicians","Technical occupations in geomatics and meteorology",,,,,,,,,,,
2261,2261,"Non-Destructive Testers and Inspectors","Non-destructive testers and inspection technicians",,,,,,,,,,,
2262,2262,"Engineering Inspectors and Regulatory Office","Engineering inspectors and regulatory officers",,,,,,,,,,,
2263,2263,"Inspectors, Public & Environ Health & Occupations","Inspectors in public and environmental health and occupational health and safety",,,,,,,,,,,
2264,2264,"Construction Inspectors","Construction inspectors",,,,,,,,,,,
2271,2271,"Air Pilots, Flight Engineers and Flying Instructors","Air pilots, flight engineers and flying instructors",,,,,,,,,,,
2272,2272,"Air Traffic Control and Related Occupations","Air traffic controllers and related occupations",,,,,,,,,,,
2273,2273,"Deck Officers, Water Transport","Deck officers, water transport",,,,,,,,,,,
2274,2274,"Engineer Officers, Water Transport","Engineer officers, water transport",,,,,,,,,,,
2275,2275,"Railway Traffic Controllers and Marine Traff","Railway traffic controllers and marine traffic regulators",,,,,,,,,,,
2281,2281,"Computer Network Technicians","Computer network technicians",,,,,,,,,,,
2282,2282,"User Support Technicians","User support technicians",,,,,,,,,,,
2283,2283,"Systems Testing Technicians","Information systems testing technicians",,,,,,,,,,,
3111,3111,"Specialist Physicians","Specialist physicians",,,,,,,,,,,
3112,3112,"General Practitioners and Family Physicians","General practitioners and family physicians",,,,,,,,,,,
3113,3113,"Dentists","Dentists",,,,,,,,,,,
3114,3114,"Veterinarians","Veterinarians",,,,,,,,,,,
3121,3121,"Optometrists","Optometrists",,,,,,,,,,,
3122,3122,"Chiropractors","Chiropractors",,,,,,,,,,,
3123,3125,"Other Professional Occupations in Health Diagnosing and Treating","Other professional occupations in health diagnosing and treating",,,,,,,,,,,
3131,3131,"Pharmacists","Pharmacists",,,,,,,,,,,
3132,3132,"Dietitians and Nutritionists","Dietitians and nutritionists",,,,,,,,,,,
3141,3141,"Audiologists and Speech-Language Pathologist","Audiologists and speech-language pathologists",,,,,,,,,,,
3142,3142,"Physiotherapists","Physiotherapists",,,,,,,,,,,
3143,3143,"Occupational Therapists","Occupational therapists",,,,,,,,,,,
3144,3144,"Other Professional Occupations in Therapy and Assessment","Other professional occupations in therapy and assessment",,,,,,,,,,,
3151,3011,"Head Nurses and Supervisors","Nursing co-ordinators and supervisors",,,,,,,,,,,
3152,3124,"Registered Nurses","Allied primary health practitioners",,,,,,,,,,,
3152,3012,"Registered Nurses","Registered nurses and registered psychiatric nurses",,,,,,,,,,,
3211,3211,"Medical laboratory technologists and pathologists' assistants","Medical laboratory technologists",,,,,,,,,,,
3212,3212,"Medical Laboratory Technicians","Medical laboratory technicians and pathologists' assistants",,,,,,,,,,,
3213,3213,"Veterinary and Animal Health Technologists and Technicians","Animal health technologists and veterinary technicians",,,,,,,,,,,
3214,3214,"Respiratory therapists, clinical perfusionists and cardio-pulmonary technologists","Respiratory therapists, clinical perfusionists and cardiopulmonary technologists",,,,,,,,,,,
3215,3215,"Medical Radiation Technologists","Medical radiation technologists",,,,,,,,,,,
3216,3216,"Medical Sonographers","Medical sonographers",,,,,,,,,,,
3217,3217,"Cardiology Technologists","Cardiology technologists and electrophysiological diagnostic technologists, n.e.c.",,,,,,,,,,,
3219,3219,"Other medical technologists and technicians (except dental health)","Other medical technologists and technicians (except dental health)",,,,,,,,,,,
3221,3221,"Denturists","Denturists",,,,,,,,,,,
3222,3222,"Dental Hygienists and Dental Therapists","Dental hygienists and dental therapists",,,,,,,,,,,
3223,3223,"Dental technologists, technicians, and laboratory bench workers","Dental technologists, technicians and laboratory assistants",,,,,,,,,,,
3231,3231,"Opticians","Opticians",,,,,,,,,,,
3232,3232,"Midwives and Practitioners of Natural Healing","Practitioners of natural healing",,,,,,,,,,,
3233,3233,"Licensed Practical Nurses","Licensed practical nurses",,,,,,,,,,,
3234,3234,"Ambulance attendants and other paramedical occupations","Paramedical occupations",,,,,,,,,,,
3235,3236,"Other Technical Occupations in Therapy and Assessment","Massage therapists",,,,,,,,,,,
3235,3237,"Other Technical Occupations in Therapy and Assessment","Other technical occupations in therapy and assessment",,,,,,,,,,,
3411,3411,"Dental Assistants","Dental assistants",,,,,,,,,,,
3413,3413,"Nurse Aides, Orderlies and Patient Service Associates","Nurse aides, orderlies and patient service associates",,,,,,,,,,,
3414,3414,"Other Assisting Occupations in Support of Health Services","Other assisting occupations in support of health services",,,,,,,,,,,
4111,4111,"Judges","Judges",,,,,,,,,,,
4112,4112,"Lawyers and Quebec Notaries","Lawyers and Quebec notaries",,,,,,,,,,,
4121,4011,"University Professors","University professors and lecturers",,,,,,,,,,,
4122,4012,"Post-Secondary Teaching and Research Assistants","Post-secondary teaching and research assistants",,,,,,,,,,,
4131,4021,"College and Other Vocational Instructors","College and other vocational instructors",,,,,,,,,,,
4141,4031,"Secondary School Teachers","Secondary school teachers",,,,,,,,,,,
4142,4032,"Elementary School and Kindergarten Teachers","Elementary school and kindergarten teachers",,,,,,,,,,,
4143,4033,"Educational Counsellors","Educational counsellors",,,,,,,,,,,
4151,4151,"Psychologists","Psychologists",,,,,,,,,,,
4152,4152,"Social Workers","Social workers",,,,,,,,,,,
4153,4153,"Family, Marriage and Other Related Counsellors","Family, marriage and other related counsellors",,,,,,,,,,,
4154,4154,"Ministers of Religion","Professional occupations in religion",,,,,,,,,,,
4155,4155,"Probation and Parole Officers and Related Occupations","Probation and parole officers and related occupations",,,,,,,,,,,
4161,4161,"Natural & Applied Science Policy Researchers","Natural and applied science policy researchers, consultants and program officers",,,,,,,,,,,
4162,4162,"Economists and Economic Policy Researchers and Analysts","Economists and economic policy researchers and analysts",,,,,,,,,,,
4163,4163,"Business Development Officers and Marketing","Business development officers and marketing researchers and consultants",,,,,,,,,,,
4164,4164,"Social Policy Researchers, Consultants and Program Officers","Social policy researchers, consultants and program officers",,,,,,,,,,,
4165,4165,"Health Policy Researchers, Consultants and Program Officers","Health policy researchers, consultants and program officers",,,,,,,,,,,
4166,4166,"Education Policy Researchers, Consultants and Program Officers","Education policy researchers, consultants and program officers",,,,,,,,,,,
4167,4167,"Recreation, sports and fitness program supervisors and consultants","Recreation, sports and fitness policy researchers, consultants and program officers",,,,,,,,,,,
4168,4168,"Program Officers Unique to Government","Program officers unique to government",,,,,,,,,,,
4169,4169,"Other professional occupations in social science, n.e.c.","Other professional occupations in social science, n.e.c.",,,,,,,,,,,
4211,4211,"Paralegal and Related Occupations","Paralegal and related occupations",,,,,,,,,,,
4212,4212,"Community and Social Service Workers","Social and community service workers",,,,,,,,,,,
4213,4156,"Employment Counsellors","Employment counsellors",,,,,,,,,,,
4214,4214,"Early Childhood Educators and Assistants","Early childhood educators and assistants",,,,,,,,,,,
4215,4215,"Instructors and teachers of persons with disabilities","Instructors of persons with disabilities",,,,,,,,,,,
4216,4216,"Other Instructors","Other instructors",,,,,,,,,,,
4217,4217,"Other Religious Occupations","Other religious occupations",,,,,,,,,,,
5111,5111,"Librarians","Librarians",,,,,,,,,,,
5112,5112,"Conservators and Curators","Conservators and curators",,,,,,,,,,,
5113,5113,"Archivists","Archivists",,,,,,,,,,,
5121,5121,"Authors and Writers","Authors and writers",,,,,,,,,,,
5122,5122,"Editors","Editors",,,,,,,,,,,
5123,5123,"Journalists","Journalists",,,,,,,,,,,
5124,1123,"Professional Occupations in Public Relations","Professional occupations in advertising, marketing and public relations",,,,,,,,,,,
5125,5125,"Translators, Terminologists and Interpreters","Translators, terminologists and interpreters",,,,,,,,,,,
5131,5131,"Producers, directors, choreographers and related occupations","Producers, directors, choreographers and related occupations",,,,,,,,,,,
5132,5132,"Conductors, Composers and Arrangers","Conductors, composers and arrangers",,,,,,,,,,,
5133,5133,"Musicians and Singers","Musicians and singers",,,,,,,,,,,
5134,5134,"Dancers","Dancers",,,,,,,,,,,
5135,5135,"Actors and Comedians","Actors and comedians",,,,,,,,,,,
5136,5136,"Painters, Sculptors and Other Visual Artists","Painters, sculptors and other visual artists",,,,,,,,,,,
5211,5211,"Library and Archive Technicians and Assistan","Library and public archive technicians",,,,,,,,,,,
5212,5212,"Technical occupations related to museums and art galleries","Technical occupations related to museums and art galleries",,,,,,,,,,,
5221,5221,"Photographers","Photographers",,,,,,,,,,,
5222,5222,"Film and Video Camera Operators","Film and video camera operators",,,,,,,,,,,
5223,5223,"Graphic Arts Technicians","Graphic arts technicians",,,,,,,,,,,
5224,5224,"Broadcast Technicians","Broadcast technicians",,,,,,,,,,,
5225,5225,"Audio and Video Recording Technicians","Audio and video recording technicians",,,,,,,,,,,
5226,5226,"Other technical and co-ordinating occupations in motion pictures, broadcasting / performing arts","Other technical and co-ordinating occupations in motion pictures, broadcasting and the performing arts",,,,,,,,,,,
5227,5227,"Support occupations in motion pictures, broadcasting and the performing arts","Support occupations in motion pictures, broadcasting, photography and the performing arts",,,,,,,,,,,
5231,5231,"Announcers and Other Broadcasters","Announcers and other broadcasters",,,,,,,,,,,
5232,5232,"Other Performers","Other performers, n.e.c.",,,,,,,,,,,
5241,5241,"Graphic Designers and Illustrators","Graphic designers and illustrators",,,,,,,,,,,
5242,5242,"Interior Designers","Interior designers and interior decorators",,,,,,,,,,,
5243,5243,"Theatre, Fashion, Exhibit and Other Creative","Theatre, fashion, exhibit and other creative designers",,,,,,,,,,,
5244,5244,"Artisans and Craftspersons","Artisans and craftspersons",,,,,,,,,,,
5245,5245,"Patternmakers - Textile, Leather and Fur Products","Patternmakers - textile, leather and fur products",,,,,,,,,,,
5251,5251,"Athletes","Athletes",,,,,,,,,,,
5252,5252,"Coaches","Coaches",,,,,,,,,,,
5253,5253,"Sports Officials and Referees","Sports officials and referees",,,,,,,,,,,
5254,5254,"Program leaders and instructors in recreation, sport and fitness","Program leaders and instructors in recreation, sport and fitness",,,,,,,,,,,
6211,6211,"Retail Trade Supervisors","Retail sales supervisors",,,,,,,,,,,
6212,6311,"Food Service Supervisors","Food service supervisors",,,,,,,,,,,
6213,6312,"Executive Housekeepers","Executive housekeepers",,,,,,,,,,,
6214,6316,"Dry Cleaning and Laundry Supervisors","Other services supervisors",,,,,,,,,,,
6215,6315,"Cleaning Supervisors","Cleaning supervisors",,,,,,,,,,,
6216,6313,"Other Service Supervisors","Accommodation, travel, tourism and related services supervisors",,,,,,,,,,,
6221,6221,"Technical Sales Specialists - Wholesale Trade","Technical sales specialists - wholesale trade",,,,,,,,,,,
6231,6231,"Insurance Agents and Brokers","Insurance agents and brokers",,,,,,,,,,,
6232,6232,"Real Estate Agents and Salespersons","Real estate agents and salespersons",,,,,,,,,,,
6233,6222,"Retail and Wholesale Buyers","Retail and wholesale buyers",,,,,,,,,,,
6241,6321,"Chefs","Chefs",,,,,,,,,,,
6242,6322,"Cooks","Cooks",,,,,,,,,,,
6251,6331,"Butchers, meat cutters and fishmongers, retail and wholesale","Butchers, meat cutters and fishmongers - retail and wholesale",,,,,,,,,,,
6252,6332,"Bakers","Bakers",,,,,,,,,,,
6261,4311,"Police Officers (Except Commissioned)","Police officers (except commissioned)",,,,,,,,,,,
6262,4312,"Firefighters","Firefighters",,,,,,,,,,,
6271,6341,"Hairstylists and Barbers","Hairstylists and barbers",,,,,,,,,,,
6272,6346,"Funeral Directors and Embalmers","Funeral directors and embalmers",,,,,,,,,,,
6411,6411,"Sales representatives, wholesale trade (non-technical)","Sales and account representatives - wholesale trade (non-technical)",,,,,,,,,,,
6421,6421,"Retail Salespersons and Sales Clerks","Retail salespersons",,,,,,,,,,,
6431,6521,"Travel Counsellors","Travel counsellors",,,,,,,,,,,
6432,6522,"Pursers and Flight Attendants","Pursers and flight attendants",,,,,,,,,,,
6433,6523,"Airline Sales and Service Agents","Airline ticket and service agents",,,,,,,,,,,
6434,6524,"Ticket agents, cargo service representatives and related clerks (except airline)","Ground and water transport ticket agents, cargo service representatives and related clerks",,,,,,,,,,,
6435,6525,"Hotel Front Desk Clerks","Hotel front desk clerks",,,,,,,,,,,
6441,6531,"Tour and Travel Guides","Tour and travel guides",,,,,,,,,,,
6442,6532,"Outdoor Sport and Recreational Guides","Outdoor sport and recreational guides",,,,,,,,,,,
6443,6533,"Casino Occupations","Casino occupations",,,,,,,,,,,
6451,6511,"Matres d'htel and Hosts/Hostesses","Matres d'htel and hosts/hostesses",,,,,,,,,,,
6452,6512,"Bartenders","Bartenders",,,,,,,,,,,
6453,6513,"Food and Beverage Servers","Food and beverage servers",,,,,,,,,,,
6461,4421,"Sheriffs and Bailiffs","Sheriffs and bailiffs",,,,,,,,,,,
6462,4422,"Correctional Service Officers","Correctional service officers",,,,,,,,,,,
6463,4423,"By-Law Enforcement and Other Regulatory Officers, n.e.c","By-law enforcement and other regulatory officers, n.e.c.",,,,,,,,,,,
6464,4313,"Occupations Unique to the Armed Forces","Non-commissioned ranks of the Canadian Forces",,,,,,,,,,,
6471,4412,"Visiting homemakers, housekeepers and related occupations","Home support workers, housekeepers and related occupations",,,,,,,,,,,
6472,4413,"Elementary and secondary school teacher assistants","Elementary and secondary school teacher assistants",,,,,,,,,,,
6474,4411,"Babysitters, Nannies and Parents' Helpers","Home child care providers",,,,,,,,,,,
6481,6561,"Image, Social and Other Personal Consultants","Image, social and other personal consultants",,,,,,,,,,,
6482,6562,"Estheticians, Electrologists and Related Occupations","Estheticians, electrologists and related occupations",,,,,,,,,,,
6483,6563,"Pet Groomers and Animal Care Workers","Pet groomers and animal care workers",,,,,,,,,,,
6484,6564,"Other Personal Service Occupations","Other personal service occupations",,,,,,,,,,,
6611,6611,"Cashiers","Cashiers",,,,,,,,,,,
6621,6621,"Service Station Attendants","Service station attendants",,,,,,,,,,,
6622,6622,"Grocery Clerks and Store Shelf Stockers","Store shelf stockers, clerks and order fillers",,,,,,,,,,,
6623,6623,"Other Elemental Sales Occupations","Other sales related occupations",,,,,,,,,,,
6641,6711,"Food Counter Attendants, Kitchen Helpers and Related Occupations","Food counter attendants, kitchen helpers and related support occupations",,,,,,,,,,,
6651,6541,"Security Guards and Related Occupations","Security guards and related security service occupations",,,,,,,,,,,
6661,6731,"Light Duty Cleaners","Light duty cleaners",,,,,,,,,,,
6662,6732,"Specialized Cleaners","Specialized cleaners",,,,,,,,,,,
6663,6733,"Janitors, Caretakers and Building Superintendents","Janitors, caretakers and building superintendents",,,,,,,,,,,
6671,6722,"Operators and attendants in amusement, recreation and sport","Operators and attendants in amusement, recreation and sport",,,,,,,,,,,
6672,6721,"Other Attendants in Accommodation and Travel","Support occupations in accommodation, travel and facilities set-up services",,,,,,,,,,,
6681,6741,"Dry Cleaning and Laundry Occupations","Dry cleaning, laundry and related occupations",,,,,,,,,,,
6683,6742,"Other Elemental Service Occupations","Other service support occupations, n.e.c.",,,,,,,,,,,
7212,7202,"Contractors and supervisors, electrical trades and telecommunications occupations","Contractors and supervisors, electrical trades and telecommunications occupations",,,,,,,,,,,
7213,7203,"Contractors and Supervisors, Pipefitting Trades","Contractors and supervisors, pipefitting trades",,,,,,,,,,,
7214,7201,"Contractors and Supervisors, Metal Forming,","Contractors and supervisors, machining, metal forming, shaping and erecting trades and related occupations",,,,,,,,,,,
7215,7204,"Contractors and Supervisors, Carpentry Trades","Contractors and supervisors, carpentry trades",,,,,,,,,,,
7216,7301,"Contractors and Supervisors, Mechanic Trades","Contractors and supervisors, mechanic trades",,,,,,,,,,,
7217,7302,"Contractors and supervisors, heavy construction equipment crews","Contractors and supervisors, heavy equipment operator crews",,,,,,,,,,,
7218,7303,"Supervisors, Printing and Related Occupation","Supervisors, printing and related occupations",,,,,,,,,,,
7219,7205,"Contractors and supervisors, other construction trades, installers, repairers and servicers","Contractors and supervisors, other construction trades, installers, repairers and servicers",,,,,,,,,,,
7221,7304,"Supervisors, Railway Transport Operations","Supervisors, railway transport operations",,,,,,,,,,,
7222,7305,"Supervisors, Motor Transport and Other Groun","Supervisors, motor transport and other ground transit operators",,,,,,,,,,,
7231,7231,"Machinists and Machining and Tooling Inspectors","Machinists and machining and tooling inspectors",,,,,,,,,,,
7232,7232,"Tool and Die Makers","Tool and die makers",,,,,,,,,,,
7241,7241,"Electricians (except industrial and power system)","Electricians (except industrial and power system)",,,,,,,,,,,
7242,7242,"Industrial Electricians","Industrial electricians",,,,,,,,,,,
7243,7243,"Power System Electricians","Power system electricians",,,,,,,,,,,
7244,7244,"Electrical Power Line and Cable Workers","Electrical power line and cable workers",,,,,,,,,,,
7245,7245,"Telecommunications Line and Cable Workers","Telecommunications line and cable workers",,,,,,,,,,,
7246,7246,"Telecommunications installation and repair workers","Telecommunications installation and repair workers",,,,,,,,,,,
7247,7247,"Cable television service and maintenance technicians","Cable television service and maintenance technicians",,,,,,,,,,,
7251,7251,"Plumbers","Plumbers",,,,,,,,,,,
7252,7252,"Steamfitters, pipefitters and sprinkler system installers","Steamfitters, pipefitters and sprinkler system installers",,,,,,,,,,,
7253,7253,"Gas Fitters","Gas fitters",,,,,,,,,,,
7261,7233,"Sheet Metal Workers","Sheet metal workers",,,,,,,,,,,
7262,7234,"Boilermakers","Boilermakers",,,,,,,,,,,
7263,7235,"Structural metal and platework fabricators and fitters","Structural metal and platework fabricators and fitters",,,,,,,,,,,
7264,7236,"Ironworkers","Ironworkers",,,,,,,,,,,
7265,7237,"Welders and Related Machine Operators","Welders and related machine operators",,,,,,,,,,,
7271,7271,"Carpenters","Carpenters",,,,,,,,,,,
7272,7272,"Cabinetmakers","Cabinetmakers",,,,,,,,,,,
7281,7281,"Bricklayers","Bricklayers",,,,,,,,,,,
7282,7282,"Concrete Finishers","Concrete finishers",,,,,,,,,,,
7283,7283,"Tilesetters","Tilesetters",,,,,,,,,,,
7284,7284,"Plasterers, Drywall Installers and Finishers","Plasterers, drywall installers and finishers and lathers",,,,,,,,,,,
7291,7291,"Roofers and Shinglers","Roofers and shinglers",,,,,,,,,,,
7292,7292,"Glaziers","Glaziers",,,,,,,,,,,
7293,7293,"Insulators","Insulators",,,,,,,,,,,
7294,7294,"Painters and Decorators","Painters and decorators (except interior decorators)",,,,,,,,,,,
7295,7295,"Floor Covering Installers","Floor covering installers",,,,,,,,,,,
7311,7311,"Construction millwrights and industrial mechanics (except textile)","Construction millwrights and industrial mechanics",,,,,,,,,,,
7312,7312,"Heavy-Duty Equipment Mechanics","Heavy-duty equipment mechanics",,,,,,,,,,,
7313,7313,"Refrigeration and Air Conditioning Mechanics","Refrigeration and air conditioning mechanics",,,,,,,,,,,
7314,7314,"Railway Carmen/women","Railway carmen/women",,,,,,,,,,,
7315,7315,"Aircraft Mechanics and Aircraft Inspectors","Aircraft mechanics and aircraft inspectors",,,,,,,,,,,
7316,7316,"Machine Fitters","Machine fitters",,,,,,,,,,,
7318,7318,"Elevator Constructors and Mechanics","Elevator constructors and mechanics",,,,,,,,,,,
7321,7321,"Automotive service technicians, truck and bus mechanics and mechanical repairers","Automotive service technicians, truck and bus mechanics and mechanical repairers",,,,,,,,,,,
7322,7322,"Motor Vehicle Body Repairers","Motor vehicle body repairers",,,,,,,,,,,
7331,7331,"Oil and Solid Fuel Heating Mechanics","Oil and solid fuel heating mechanics",,,,,,,,,,,
7332,7332,"Electric Appliance Servicers and Repairers","Appliance servicers and repairers",,,,,,,,,,,
7333,7333,"Electrical Mechanics","Electrical mechanics",,,,,,,,,,,
7334,7334,"Motorcycle and Other Related Mechanics","Motorcycle, all-terrain vehicle and other related mechanics",,,,,,,,,,,
7335,7335,"Other Small Engine and Equipment Mechanics","Other small engine and small equipment repairers",,,,,,,,,,,
7341,6345,"Upholsterers","Upholsterers",,,,,,,,,,,
7342,6342,"Tailors, Dressmakers, Furriers and Milliners","Tailors, dressmakers, furriers and milliners",,,,,,,,,,,
7343,6343,"Err:509","Shoe repairers and shoemakers",,,,,,,,,,,
7344,6344,"Jewellers, watch repairers and related occupations","Jewellers, jewellery and watch repairers and related occupations",,,,,,,,,,,
7351,9241,"Stationary Engineers and Auxiliary Equipment Operators","Power engineers and power systems operators",,,,,,,,,,,
7361,7361,"Railway and Yard Locomotive Engineers","Railway and yard locomotive engineers",,,,,,,,,,,
7362,7362,"Railway Conductors and Brakemen/women","Railway conductors and brakemen/women",,,,,,,,,,,
7371,7371,"Crane Operators","Crane operators",,,,,,,,,,,
7372,7372,"Drillers and blasters - surface mining, quarrying and construction","Drillers and blasters - surface mining, quarrying and construction",,,,,,,,,,,
7373,7373,"Water Well Drillers","Water well drillers",,,,,,,,,,,
7381,7381,"Printing Press Operators","Printing press operators",,,,,,,,,,,
7383,7384,"Other Trades and Related Occupations","Other trades and related occupations, n.e.c.",,,,,,,,,,,
7411,7511,"Truck Drivers","Transport truck drivers",,,,,,,,,,,
7412,7512,"Bus Drivers, Subway Operators and Other Transit Operators","Bus drivers, subway operators and other transit operators",,,,,,,,,,,
7413,7513,"Taxi and Limousine Drivers and Chauffeurs","Taxi and limousine drivers and chauffeurs",,,,,,,,,,,
7414,7514,"Delivery and Courier Service Drivers","Delivery and courier service drivers",,,,,,,,,,,
7421,7521,"Heavy Equipment Operators (Except Crane)","Heavy equipment operators (except crane)",,,,,,,,,,,
7422,7522,"Public Works Maintenance Equipment Operators","Public works maintenance equipment operators and related workers",,,,,,,,,,,
7432,7531,"Railway Track Maintenance Workers","Railway yard and track maintenance workers",,,,,,,,,,,
7433,7532,"Deck Crew, Water Transport","Water transport deck and engine room crew",,,,,,,,,,,
7435,7533,"Lock and cable ferry operators and related occupations","Boat and cable ferry operators and related occupations",,,,,,,,,,,
7437,7534,"Air Transport Ramp Attendants","Air transport ramp attendants",,,,,,,,,,,
7441,7441,"Residential and commercial installers and servicers","Residential and commercial installers and servicers",,,,,,,,,,,
7442,7442,"Waterworks and Gas Maintenance Workers","Waterworks and gas maintenance workers",,,,,,,,,,,
7443,7535,"Automotive Mechanical Installers and Servicers","Other automotive mechanical installers and servicers",,,,,,,,,,,
7444,7444,"Pest Controllers and Fumigators","Pest controllers and fumigators",,,,,,,,,,,
7445,7445,"Other Repairers and Servicers","Other repairers and servicers",,,,,,,,,,,
7451,7451,"Longshore Workers","Longshore workers",,,,,,,,,,,
7452,7452,"Material Handlers","Material handlers",,,,,,,,,,,
7611,7611,"Construction Trades Helpers and Labourers","Construction trades helpers and labourers",,,,,,,,,,,
7612,7612,"Other Trades Helpers and Labourers","Other trades helpers and labourers",,,,,,,,,,,
7621,7621,"Public Works and Maintenance Labourers","Public works and maintenance labourers",,,,,,,,,,,
7622,7622,"Railway and Motor Transport Labourers","Railway and motor transport labourers",,,,,,,,,,,
8211,8211,"Supervisors, Logging and Forestry","Supervisors, logging and forestry",,,,,,,,,,,
8221,8221,"Supervisors, Mining and Quarrying","Supervisors, mining and quarrying",,,,,,,,,,,
8222,8222,"Supervisors, Oil and Gas Drilling and Service","Contractors and supervisors, oil and gas drilling and services",,,,,,,,,,,
8231,8231,"Underground Production and Development Miner","Underground production and development miners",,,,,,,,,,,
8232,8232,"Oil and gas well drillers, servicers, testers and related workers","Oil and gas well drillers, servicers, testers and related workers",,,,,,,,,,,
8241,8241,"Logging Machinery Operators","Logging machinery operators",,,,,,,,,,,
8251,821,"Farmers and Farm Managers","Managers in agriculture",,,,,,,,,,,
8253,8252,"Farm supervisors and specialized livestock workers","Agricultural service contractors, farm supervisors and specialized livestock workers",,,,,,,,,,,
8254,822,"Nursery and Greenhouse Operators and Managers","Managers in horticulture",,,,,,,,,,,
8255,8255,"Landscaping and Grounds Maintenance Contract","Contractors and supervisors, landscaping, grounds maintenance and horticulture services",,,,,,,,,,,
8257,823,"Aquaculture Operators and Managers","Managers in aquaculture",,,,,,,,,,,
8261,8261,"Fishing Masters and Officers","Fishing masters and officers",,,,,,,,,,,
8262,8262,"Fishing Vessel Skippers and Fishermen/women","Fishermen/women",,,,,,,,,,,
8411,8411,"Underground Mine Service and Support Workers","Underground mine service and support workers",,,,,,,,,,,
8412,8412,"Oil and gas well drilling workers and services operators","Oil and gas well drilling and related workers and services operators",,,,,,,,,,,
8421,8421,"Chain Saw and Skidder Operators","Chain saw and skidder operators",,,,,,,,,,,
8422,8422,"Silviculture and Forestry Workers","Silviculture and forestry workers",,,,,,,,,,,
8431,8431,"General Farm Workers","General farm workers",,,,,,,,,,,
8432,8432,"Nursery and Greenhouse Workers","Nursery and greenhouse workers",,,,,,,,,,,
8441,8441,"Fishing Vessel Deckhands","Fishing vessel deckhands",,,,,,,,,,,
8442,8442,"Trappers and Hunters","Trappers and hunters",,,,,,,,,,,
8611,8611,"Harvesting Labourers","Harvesting labourers",,,,,,,,,,,
8612,8612,"Landscaping and Grounds Maintenance Labourers","Landscaping and grounds maintenance labourers",,,,,,,,,,,
8613,8613,"Aquaculture and Marine Harvest Labourers","Aquaculture and marine harvest labourers",,,,,,,,,,,
8614,8614,"Mine Labourers","Mine labourers",,,,,,,,,,,
8615,8615,"Oil and Gas Drilling, Servicing and Related","Oil and gas drilling, servicing and related labourers",,,,,,,,,,,
8616,8616,"Logging and Forestry Labourers","Logging and forestry labourers",,,,,,,,,,,
9211,9211,"Supervisors, Mineral and Metal Processing","Supervisors, mineral and metal processing",,,,,,,,,,,
9212,9212,"Supervisors, petroleum, gas and chemical processing and utilities","Supervisors, petroleum, gas and chemical processing and utilities",,,,,,,,,,,
9213,9213,"Supervisors, food, beverage and tobacco processing","Supervisors, food, beverage and associated products processing",,,,,,,,,,,
9214,9214,"Supervisors, plastic and rubber products manufacturing","Supervisors, plastic and rubber products manufacturing",,,,,,,,,,,
9215,9215,"Supervisors, Forest Products Processing","Supervisors, forest products processing",,,,,,,,,,,
9221,9221,"Supervisors, Motor Vehicle Assembling","Supervisors, motor vehicle assembling",,,,,,,,,,,
9222,9222,"Supervisors, Electronics Manufacturing","Supervisors, electronics manufacturing",,,,,,,,,,,
9223,9223,"Supervisors, electrical products manufacturing","Supervisors, electrical products manufacturing",,,,,,,,,,,
9224,9224,"Supervisors, Furniture and Fixtures Manufacturing","Supervisors, furniture and fixtures manufacturing",,,,,,,,,,,
9225,9217,"Supervisors, Fabric, Fur and Leather Products","Supervisors, textile, fabric, fur and leather products processing and manufacturing",,,,,,,,,,,
9226,9226,"Supervisors, Other Mechanical and Metal Products Manufacturing","Supervisors, other mechanical and metal products manufacturing",,,,,,,,,,,
9227,9227,"Supervisors, Other Products Manufacturing an","Supervisors, other products manufacturing and assembly",,,,,,,,,,,
9231,9231,"Central control and process operators, mineral and metal processing","Central control and process operators, mineral and metal processing",,,,,,,,,,,
9232,9232,"Petroleum, Gas and Chemical Process Operators","Petroleum, gas and chemical process operators",,,,,,,,,,,
9234,9235,"Papermaking and Coating Control Operators","Pulping, papermaking and coating control operators",,,,,,,,,,,
9411,9411,"Machine Operators, Mineral and Metal Processing","Machine operators, mineral and metal processing",,,,,,,,,,,
9412,9412,"Foundry Workers","Foundry workers",,,,,,,,,,,
9413,9413,"Glass Forming and Finishing Machine Operators","Glass forming and finishing machine operators and glass cutters",,,,,,,,,,,
9414,9414,"Concrete, Clay and Stone Forming Operators","Concrete, clay and stone forming operators",,,,,,,,,,,
9415,9415,"Inspectors and Testers, Mineral and Metal Processing","Inspectors and testers, mineral and metal processing",,,,,,,,,,,
9421,9421,"Chemical Plant Machine Operators","Chemical plant machine operators",,,,,,,,,,,
9422,9422,"Plastics Processing Machine Operators","Plastics processing machine operators",,,,,,,,,,,
9423,9423,"Rubber Processing Machine Operators and Related Workers","Rubber processing machine operators and related workers",,,,,,,,,,,
9424,9243,"Water and Waste Plant Operators","Water and waste treatment plant operators",,,,,,,,,,,
9431,9431,"Sawmill Machine Operators","Sawmill machine operators",,,,,,,,,,,
9432,9432,"Pulp Mill Machine Operators","Pulp mill machine operators",,,,,,,,,,,
9433,9433,"Papermaking and Finishing Machine Operators","Papermaking and finishing machine operators",,,,,,,,,,,
9434,9434,"Other Wood Processing Machine Operators","Other wood processing machine operators",,,,,,,,,,,
9435,9435,"Paper Converting Machine Operators","Paper converting machine operators",,,,,,,,,,,
9436,9436,"Lumber Graders and Other Wood Processing Inspectors and Graders","Lumber graders and other wood processing inspectors and graders",,,,,,,,,,,
9442,9442,"Weavers, knitters and other fabric-making occupations","Weavers, knitters and other fabric making occupations",,,,,,,,,,,
9443,9441,"Textile Dyeing and Finishing Machine Operators","Textile fibre and yarn, hide and pelt processing machine operators and workers",,,,,,,,,,,
9444,9447,"Textile Inspectors, Graders and Samplers","Inspectors and graders, textile, fabric, fur and leather products manufacturing",,,,,,,,,,,
9451,9446,"Sewing Machine Operators","Industrial sewing machine operators",,,,,,,,,,,
9452,9445,"Fabric, Fur and Leather Cutters","Fabric, fur and leather cutters",,,,,,,,,,,
9461,9461,"Process control and machine operators, food and beverage processing","Process control and machine operators, food, beverage and associated products processing",,,,,,,,,,,
9462,9462,"Industrial butchers and meat cutters, poultry preparers and related workers","Industrial butchers and meat cutters, poultry preparers and related workers",,,,,,,,,,,
9463,9463,"Fish Plant Workers","Fish and seafood plant workers",,,,,,,,,,,
9465,9465,"Testers and graders, food and beverage processing","Testers and graders, food, beverage and associated products processing",,,,,,,,,,,
9471,9471,"Printing Machine Operators","Plateless printing equipment operators",,,,,,,,,,,
9472,9472,"Camera, Platemaking and Other Prepress Occupations","Camera, platemaking and other prepress occupations",,,,,,,,,,,
9473,9473,"Binding and Finishing Machine Operators","Binding and finishing machine operators",,,,,,,,,,,
9474,9474,"Photographic and Film Processors","Photographic and film processors",,,,,,,,,,,
9481,9521,"Aircraft Assemblers and Aircraft Assembly Inpectors","Aircraft assemblers and aircraft assembly inspectors",,,,,,,,,,,
9482,9522,"Motor Vehicle Assemblers, Inspectors and Testers","Motor vehicle assemblers, inspectors and testers",,,,,,,,,,,
9483,9523,"Electronics Assemblers, Fabricators, Inspectors","Electronics assemblers, fabricators, inspectors and testers",,,,,,,,,,,
9484,9524,"Assemblers and inspectors, electrical appliance, apparatus and equipment manufacturing","Assemblers and inspectors, electrical appliance, apparatus and equipment manufacturing",,,,,,,,,,,
9485,9525,"Assemblers, fabricators and inspectors, industrial electrical motors and transformers","Assemblers, fabricators and inspectors, industrial electrical motors and transformers",,,,,,,,,,,
9486,9526,"Mechanical Assemblers and Inspectors","Mechanical assemblers and inspectors",,,,,,,,,,,
9487,9527,"Machine operators and inspectors, electrical apparatus manufacturing","Machine operators and inspectors, electrical apparatus manufacturing",,,,,,,,,,,
9491,9531,"Boat Assemblers and Inspectors","Boat assemblers and inspectors",,,,,,,,,,,
9492,9532,"Furniture and Fixture Assemblers and Inspectors","Furniture and fixture assemblers and inspectors",,,,,,,,,,,
9493,9533,"Other Wood Products Assemblers and Inspectors","Other wood products assemblers and inspectors",,,,,,,,,,,
9494,9534,"Furniture Finishers and Refinishers","Furniture finishers and refinishers",,,,,,,,,,,
9495,9535,"Plastic products assemblers, finishers and inspectors","Plastic products assemblers, finishers and inspectors",,,,,,,,,,,
9496,9536,"Painters and Coaters - Industrial","Industrial painters, coaters and metal finishing process operators",,,,,,,,,,,
9498,9537,"Other Assemblers and Inspectors","Other products assemblers, finishers and inspectors",,,,,,,,,,,
9511,9417,"Machining Tool Operators","Machining tool operators",,,,,,,,,,,
9513,9437,"Woodworking Machine Operators","Woodworking machine operators",,,,,,,,,,,
9514,9416,"Metalworking Machine Operators","Metalworking and forging machine operators",,,,,,,,,,,
9516,9418,"Other Metal Products Machine Operators","Other metal products machine operators",,,,,,,,,,,
9611,9611,"Labourers in Mineral and Metal Processing","Labourers in mineral and metal processing",,,,,,,,,,,
9612,9612,"Labourers in Metal Fabrication","Labourers in metal fabrication",,,,,,,,,,,
9613,9613,"Labourers in Chemical Products Processing and Utilities","Labourers in chemical products processing and utilities",,,,,,,,,,,
9614,9614,"Labourers in Wood, Pulp and Paper Processing","Labourers in wood, pulp and paper processing",,,,,,,,,,,
9615,9615,"Labourers in rubber and plastic products manufacturing","Labourers in rubber and plastic products manufacturing",,,,,,,,,,,
9616,9616,"Labourers in Textile Processing","Labourers in textile processing",,,,,,,,,,,
9617,9617,"Labourers in food, beverage and tobacco processing","Labourers in food, beverage and associated products processing",,,,,,,,,,,
9618,9618,"Labourers in Fish Processing","Labourers in fish and seafood processing",,,,,,,,,,,
9619,9619,"Other labourers in processing, manufacturing and utilities","Other labourers in processing, manufacturing and utilities",,,,,,,,,,,
